source,destination
/docs/mobile-services/using/whatsnew.html,/docs/release-notes/experience-cloud/current.html
/docs/mobile-services/android/overview.html,https://github.com/Adobe-Marketing-Cloud/mobile-services/blob/master/docs/android/overview.md
/docs/mobile-services/android/rel-notes.html,https://github.com/Adobe-Marketing-Cloud/mobile-services/blob/master/docs/android/rel-notes.md
/docs/mobile-services/android/getting-started-android/getting-started.html,https://github.com/Adobe-Marketing-Cloud/mobile-services/blob/master/docs/android/getting-started/getting-started.md
/docs/mobile-services/android/getting-started-android/requirements.html,https://github.com/Adobe-Marketing-Cloud/mobile-services/blob/master/docs/android/getting-started/requirements.md
/docs/mobile-services/android/getting-started-android/dev-qs.html,https://github.com/Adobe-Marketing-Cloud/mobile-services/blob/master/docs/android/getting-started/dev-qs.md
/docs/mobile-services/android/getting-started-android/proc-rules.html,https://github.com/Adobe-Marketing-Cloud/mobile-services/blob/master/docs/android/getting-started/proc-rules.md
/docs/mobile-services/android/getting-started-android/migration-v3.html,https://github.com/Adobe-Marketing-Cloud/mobile-services/blob/master/docs/android/getting-started/migration-v3.md
/docs/mobile-services/android/configuration-android/configuration.html,https://github.com/Adobe-Marketing-Cloud/mobile-services/blob/master/docs/android/configuration/configuration.md
/docs/mobile-services/android/configuration-android/json-config.html,https://github.com/Adobe-Marketing-Cloud/mobile-services/blob/master/docs/android/configuration/json-config/json-config.md
/docs/mobile-services/android/configuration-android/json-config-remote.html,https://github.com/Adobe-Marketing-Cloud/mobile-services/blob/master/docs/android/configuration/json-config/json-config-remote.md
/docs/mobile-services/android/configuration-android/hit-batching.html,https://github.com/Adobe-Marketing-Cloud/mobile-services/blob/master/docs/android/configuration/hit-batching.md
/docs/mobile-services/android/configuration-android/methods.html,https://github.com/Adobe-Marketing-Cloud/mobile-services/blob/master/docs/android/configuration/methods.md
/docs/mobile-services/android/metrics.html,https://github.com/Adobe-Marketing-Cloud/mobile-services/blob/master/docs/android/metrics.md
/docs/mobile-services/android/analytics-android/analytics-main.html,https://github.com/Adobe-Marketing-Cloud/mobile-services/blob/master/docs/android/analytics-main/analytics-main.md
/docs/mobile-services/android/analytics-android/states.html,https://github.com/Adobe-Marketing-Cloud/mobile-services/blob/master/docs/android/analytics-main/states.md
/docs/mobile-services/android/analytics-android/actions.html,https://github.com/Adobe-Marketing-Cloud/mobile-services/blob/master/docs/android/analytics-main/actions.md
/docs/mobile-services/android/analytics-android/crashes.html,https://github.com/Adobe-Marketing-Cloud/mobile-services/blob/master/docs/android/analytics-main/crashes.md
/docs/mobile-services/android/analytics-android/timed-actions.html,https://github.com/Adobe-Marketing-Cloud/mobile-services/blob/master/docs/android/analytics-main/timed-actions.md
/docs/mobile-services/android/analytics-android/lifetime-value.html,https://github.com/Adobe-Marketing-Cloud/mobile-services/blob/master/docs/android/analytics-main/lifetime-value.md
/docs/mobile-services/android/analytics-android/products-variable/products.html,https://github.com/Adobe-Marketing-Cloud/mobile-services/blob/master/docs/android/analytics-main/products/products.md
/docs/mobile-services/android/analytics-android/products-variable/products-variable-evars-events.html,https://github.com/Adobe-Marketing-Cloud/mobile-services/blob/master/docs/android/analytics-main/products/products-variable-evars-events.md
/docs/mobile-services/android/analytics-android/event-serialization.html,https://github.com/Adobe-Marketing-Cloud/mobile-services/blob/master/docs/android/analytics-main/event-serialization.md
/docs/mobile-services/android/analytics-android/video-qs.html,https://github.com/Adobe-Marketing-Cloud/mobile-services/blob/master/docs/android/analytics-main/video-qs.md
/docs/mobile-services/android/analytics-android/postbacks/postbacks.html,https://github.com/Adobe-Marketing-Cloud/mobile-services/blob/master/docs/android/analytics-main/postbacks/postbacks.md
/docs/mobile-services/android/analytics-android/postbacks/postback-example.html,https://github.com/Adobe-Marketing-Cloud/mobile-services/blob/master/docs/android/analytics-main/postbacks/postback-example.md
/docs/mobile-services/android/analytics-android/postbacks/c-pii-postbacks.html,https://github.com/Adobe-Marketing-Cloud/mobile-services/blob/master/docs/android/analytics-main/postbacks/c-pii-postbacks.md
/docs/mobile-services/android/analytics-android/analytics-methods.html,https://github.com/Adobe-Marketing-Cloud/mobile-services/blob/master/docs/android/analytics-main/analytics-methods.md
/docs/mobile-services/android/acquisition-android/acquisition-main-android.html,https://github.com/Adobe-Marketing-Cloud/mobile-services/blob/master/docs/android/acquisition-main/acquisition-main-android.md
/docs/mobile-services/android/acquisition-android/acquisition.html,https://github.com/Adobe-Marketing-Cloud/mobile-services/blob/master/docs/android/acquisition-main/acquisition.md
/docs/mobile-services/android/acquisition-android/acquisition-methods.html,https://github.com/Adobe-Marketing-Cloud/mobile-services/blob/master/docs/android/acquisition-main/acquisition-methods.md
/docs/mobile-services/android/acquisition-android/tracking-deep-links/tracking-deep-links.html,https://github.com/Adobe-Marketing-Cloud/mobile-services/blob/master/docs/android/acquisition-main/tracking-deep-links/tracking-deep-links.md
/docs/mobile-services/android/acquisition-android/tracking-deep-links/c-tracking-3rd-party-deferred-deep-links.html,https://github.com/Adobe-Marketing-Cloud/mobile-services/blob/master/docs/android/acquisition-main/tracking-deep-links/c-tracking-3rd-party-deferred-deep-links.md
/docs/mobile-services/android/acquisition-android/t-testing-marketing-link-acquisition.html,https://github.com/Adobe-Marketing-Cloud/mobile-services/blob/master/docs/android/acquisition-main/t-testing-marketing-link-acquisition.md
/docs/mobile-services/android/acquisition-android/t-testing-version-3-acquisition.html,https://github.com/Adobe-Marketing-Cloud/mobile-services/blob/master/docs/android/acquisition-main/t-testing-version-3-acquisition.md
/docs/mobile-services/android/acquisition-android/t-testing-acquisition.html,https://github.com/Adobe-Marketing-Cloud/mobile-services/blob/master/docs/android/acquisition-main/t-testing-acquisition.md
/docs/mobile-services/android/acquisition-android/troubleshoot-acquisition-testing.html,https://github.com/Adobe-Marketing-Cloud/mobile-services/blob/master/docs/android/acquisition-main/troubleshoot-acquisition-testing.md
/docs/mobile-services/android/messaging-android/messaging-main-android.html,https://github.com/Adobe-Marketing-Cloud/mobile-services/blob/master/docs/android/messaging-main/messaging-main-android.md
/docs/mobile-services/android/messaging-android/inapp-messaging/messaging.html,https://github.com/Adobe-Marketing-Cloud/mobile-services/blob/master/docs/android/messaging-main/messaging/messaging.md
/docs/mobile-services/android/messaging-android/inapp-messaging/in-apps-ts.html,https://github.com/Adobe-Marketing-Cloud/mobile-services/blob/master/docs/android/messaging-main/messaging/in-apps-ts.md
/docs/mobile-services/android/messaging-android/push-messaging/push-messaging.html,https://github.com/Adobe-Marketing-Cloud/mobile-services/blob/master/docs/android/messaging-main/push-messaging/push-messaging.md
/docs/mobile-services/android/messaging-android/push-messaging/t-mob-impl-push-deeplinking-android-4x.html,https://github.com/Adobe-Marketing-Cloud/mobile-services/blob/master/docs/android/messaging-main/push-messaging/t-mob-impl-push-deeplinking-android-4x.md
/docs/mobile-services/android/messaging-android/push-messaging/c-set-up-rich-push-notif-android.html,https://github.com/Adobe-Marketing-Cloud/mobile-services/blob/master/docs/android/messaging-main/push-messaging/c-set-up-rich-push-notif-android.md
/docs/mobile-services/android/messaging-android/push-messaging/c-troubleshooting-push-messaging.html,https://github.com/Adobe-Marketing-Cloud/mobile-services/blob/master/docs/android/messaging-main/push-messaging/c-troubleshooting-push-messaging.md
/docs/mobile-services/android/location/location.html,https://github.com/Adobe-Marketing-Cloud/mobile-services/blob/master/docs/android/location/location.md
/docs/mobile-services/android/location/geo-poi.html,https://github.com/Adobe-Marketing-Cloud/mobile-services/blob/master/docs/android/location/geo-poi.md
/docs/mobile-services/android/location/beacon.html,https://github.com/Adobe-Marketing-Cloud/mobile-services/blob/master/docs/android/location/beacon.md
/docs/mobile-services/android/target-android/target-main.html,https://github.com/Adobe-Marketing-Cloud/mobile-services/blob/master/docs/android/target-main/target-main.md
/docs/mobile-services/android/target-android/target.html,https://github.com/Adobe-Marketing-Cloud/mobile-services/blob/master/docs/android/target-main/target.md
/docs/mobile-services/android/target-android/c-target-methods.html,https://github.com/Adobe-Marketing-Cloud/mobile-services/blob/master/docs/android/target-main/c-target-methods.md
/docs/mobile-services/android/target-android/c-mob-target-prefetch-android.html,https://github.com/Adobe-Marketing-Cloud/mobile-services/blob/master/docs/android/target-main/c-mob-target-prefetch-android.md
/docs/mobile-services/android/target-android/c-mob-target-preview-android.html,https://github.com/Adobe-Marketing-Cloud/mobile-services/blob/master/docs/android/target-main/c-mob-target-preview-android.md
/docs/mobile-services/android/experience-cloud-android/c-marketing-cloud.html,https://github.com/Adobe-Marketing-Cloud/mobile-services/blob/master/docs/android/c-marketing-cloud/c-marketing-cloud.md
/docs/mobile-services/android/experience-cloud-android/mcvid.html,https://github.com/Adobe-Marketing-Cloud/mobile-services/blob/master/docs/android/c-marketing-cloud/mcvid.md
/docs/mobile-services/android/experience-cloud-android/mc-methods.html,https://github.com/Adobe-Marketing-Cloud/mobile-services/blob/master/docs/android/c-marketing-cloud/mc-methods.md
/docs/mobile-services/android/audience-manager-android/audience-manager.html,https://github.com/Adobe-Marketing-Cloud/mobile-services/blob/master/docs/android/audience-manager/audience-manager.md
/docs/mobile-services/android/audience-manager-android/audiencemgmt.html,https://github.com/Adobe-Marketing-Cloud/mobile-services/blob/master/docs/android/audience-manager/audiencemgmt.md
/docs/mobile-services/android/audience-manager-android/c-audience-manager-methods.html,https://github.com/Adobe-Marketing-Cloud/mobile-services/blob/master/docs/android/audience-manager/c-audience-manager-methods.md
/docs/mobile-services/android/wearables-android/wearables.html,https://github.com/Adobe-Marketing-Cloud/mobile-services/blob/master/docs/android/wearables/wearables.md
/docs/mobile-services/android/wearables-android/android-wearable.html,https://github.com/Adobe-Marketing-Cloud/mobile-services/blob/master/docs/android/wearables/android-wearable.md
/docs/mobile-services/android/wearables-android/c-android-wearables--additional-notes.html,https://github.com/Adobe-Marketing-Cloud/mobile-services/blob/master/docs/android/wearables/c-android-wearables--additional-notes.md
/docs/mobile-services/android/sdk-reference-android/reference.html,https://github.com/Adobe-Marketing-Cloud/mobile-services/blob/master/docs/android/reference/reference.md
/docs/mobile-services/android/sdk-reference-android/app-ids.html,https://github.com/Adobe-Marketing-Cloud/mobile-services/blob/master/docs/android/reference/app-ids.md
/docs/mobile-services/android/sdk-reference-android/hybrid-app.html,https://github.com/Adobe-Marketing-Cloud/mobile-services/blob/master/docs/android/reference/hybrid-app.md
/docs/mobile-services/android/sdk-reference-android/widgets.html,https://github.com/Adobe-Marketing-Cloud/mobile-services/blob/master/docs/android/reference/widgets.md
/docs/mobile-services/android/gdpr-privacy-android/c-mob-privacy-gdpr-android.html,https://github.com/Adobe-Marketing-Cloud/mobile-services/blob/master/docs/android/c-mob-privacy-gdpr-android/c-mob-privacy-gdpr-android.md
/docs/mobile-services/android/gdpr-privacy-android/c-mob-gdpr-ret-stored-ids-android.html,https://github.com/Adobe-Marketing-Cloud/mobile-services/blob/master/docs/android/c-mob-privacy-gdpr-android/c-mob-gdpr-ret-stored-ids-android.md
/docs/mobile-services/android/gdpr-privacy-android/privacy.html,https://github.com/Adobe-Marketing-Cloud/mobile-services/blob/master/docs/android/c-mob-privacy-gdpr-android/privacy.md
/docs/mobile-services/android/phonegap-android/phonegap.html,https://github.com/Adobe-Marketing-Cloud/mobile-services/blob/master/docs/android/phonegap/phonegap.md
/docs/mobile-services/android/phonegap-android/phonegap-methods.html,https://github.com/Adobe-Marketing-Cloud/mobile-services/blob/master/docs/android/phonegap/phonegap-methods.md
/docs/mobile-services/ios/overview.html,https://github.com/Adobe-Marketing-Cloud/mobile-services/blob/master/docs/ios/overview.md
/docs/mobile-services/ios/rel-notes.html,https://github.com/Adobe-Marketing-Cloud/mobile-services/blob/master/docs/ios/rel-notes.md
/docs/mobile-services/ios/getting-started-ios/getting-started.html,https://github.com/Adobe-Marketing-Cloud/mobile-services/blob/master/docs/ios/getting-started/getting-started.md
/docs/mobile-services/ios/getting-started-ios/requirements.html,https://github.com/Adobe-Marketing-Cloud/mobile-services/blob/master/docs/ios/getting-started/requirements.md
/docs/mobile-services/ios/getting-started-ios/dev-qs.html,https://github.com/Adobe-Marketing-Cloud/mobile-services/blob/master/docs/ios/getting-started/dev-qs.md
/docs/mobile-services/ios/getting-started-ios/proc-rules.html,https://github.com/Adobe-Marketing-Cloud/mobile-services/blob/master/docs/ios/getting-started/proc-rules.md
/docs/mobile-services/ios/getting-started-ios/swift-integration.html,https://github.com/Adobe-Marketing-Cloud/mobile-services/blob/master/docs/ios/getting-started/swift-integration.md
/docs/mobile-services/ios/getting-started-ios/migration-v3.html,https://github.com/Adobe-Marketing-Cloud/mobile-services/blob/master/docs/ios/getting-started/migration-v3.md
/docs/mobile-services/ios/config-ios/configuration.html,https://github.com/Adobe-Marketing-Cloud/mobile-services/blob/master/docs/ios/configuration/configuration.md
/docs/mobile-services/ios/config-ios/json-config.html,https://github.com/Adobe-Marketing-Cloud/mobile-services/blob/master/docs/ios/configuration/json-config/json-config.md
/docs/mobile-services/ios/config-ios/json-config-remote.html,https://github.com/Adobe-Marketing-Cloud/mobile-services/blob/master/docs/ios/configuration/json-config/json-config-remote.md
/docs/mobile-services/ios/config-ios/hit-batching.html,https://github.com/Adobe-Marketing-Cloud/mobile-services/blob/master/docs/ios/configuration/hit-batching.md
/docs/mobile-services/ios/config-ios/sdk-methods.html,https://github.com/Adobe-Marketing-Cloud/mobile-services/blob/master/docs/ios/configuration/sdk-methods.md
/docs/mobile-services/ios/config-ios/app-transport-security.html,https://github.com/Adobe-Marketing-Cloud/mobile-services/blob/master/docs/ios/configuration/app-transport-security.md
/docs/mobile-services/ios/metrics.html,https://github.com/Adobe-Marketing-Cloud/mobile-services/blob/master/docs/ios/metrics.md
/docs/mobile-services/ios/analytics-ios/analytics-main.html,https://github.com/Adobe-Marketing-Cloud/mobile-services/blob/master/docs/ios/analytics-main/analytics-main.md
/docs/mobile-services/ios/analytics-ios/states.html,https://github.com/Adobe-Marketing-Cloud/mobile-services/blob/master/docs/ios/analytics-main/states.md
/docs/mobile-services/ios/analytics-ios/actions.html,https://github.com/Adobe-Marketing-Cloud/mobile-services/blob/master/docs/ios/analytics-main/actions.md
/docs/mobile-services/ios/analytics-ios/crashes.html,https://github.com/Adobe-Marketing-Cloud/mobile-services/blob/master/docs/ios/analytics-main/crashes.md
/docs/mobile-services/ios/analytics-ios/timed-actions.html,https://github.com/Adobe-Marketing-Cloud/mobile-services/blob/master/docs/ios/analytics-main/timed-actions.md
/docs/mobile-services/ios/analytics-ios/lifetime-value.html,https://github.com/Adobe-Marketing-Cloud/mobile-services/blob/master/docs/ios/analytics-main/lifetime-value.md
/docs/mobile-services/ios/analytics-ios/products-variable/products.html,https://github.com/Adobe-Marketing-Cloud/mobile-services/blob/master/docs/ios/analytics-main/products/products.md
/docs/mobile-services/ios/analytics-ios/products-variable/products-variable-evars-events.html,https://github.com/Adobe-Marketing-Cloud/mobile-services/blob/master/docs/ios/analytics-main/products/products-variable-evars-events.md
/docs/mobile-services/ios/analytics-ios/event-serialization.html,https://github.com/Adobe-Marketing-Cloud/mobile-services/blob/master/docs/ios/analytics-main/event-serialization.md
/docs/mobile-services/ios/analytics-ios/video-qs.html,https://github.com/Adobe-Marketing-Cloud/mobile-services/blob/master/docs/ios/analytics-main/video-qs.md
/docs/mobile-services/ios/analytics-ios/postbacks/postback.html,https://github.com/Adobe-Marketing-Cloud/mobile-services/blob/master/docs/ios/analytics-main/postback/postback.md
/docs/mobile-services/ios/analytics-ios/postbacks/postback-example.html,https://github.com/Adobe-Marketing-Cloud/mobile-services/blob/master/docs/ios/analytics-main/postback/postback-example.md
/docs/mobile-services/ios/analytics-ios/postbacks/c-pii-postbacks.html,https://github.com/Adobe-Marketing-Cloud/mobile-services/blob/master/docs/ios/analytics-main/postback/c-pii-postbacks.md
/docs/mobile-services/ios/analytics-ios/analytics-methods.html,https://github.com/Adobe-Marketing-Cloud/mobile-services/blob/master/docs/ios/analytics-main/analytics-methods.md
/docs/mobile-services/ios/acquisition-ios/acquisition-main.html,https://github.com/Adobe-Marketing-Cloud/mobile-services/blob/master/docs/ios/acquisition-main/acquisition-main.md
/docs/mobile-services/ios/acquisition-ios/acquisition.html,https://github.com/Adobe-Marketing-Cloud/mobile-services/blob/master/docs/ios/acquisition-main/acquisition.md
/docs/mobile-services/ios/acquisition-ios/c-acquisition-methods.html,https://github.com/Adobe-Marketing-Cloud/mobile-services/blob/master/docs/ios/acquisition-main/c-acquisition-methods.md
/docs/mobile-services/ios/acquisition-ios/tracking-deep-links/tracking-deep-links.html,https://github.com/Adobe-Marketing-Cloud/mobile-services/blob/master/docs/ios/acquisition-main/tracking-deep-links/tracking-deep-links.md
/docs/mobile-services/ios/acquisition-ios/tracking-deep-links/c-tracking-3rd-party-deep-deferred-links.html,https://github.com/Adobe-Marketing-Cloud/mobile-services/blob/master/docs/ios/acquisition-main/tracking-deep-links/c-tracking-3rd-party-deep-deferred-links.md
/docs/mobile-services/ios/acquisition-ios/t-testing-marketing-link-acquisition.html,https://github.com/Adobe-Marketing-Cloud/mobile-services/blob/master/docs/ios/acquisition-main/t-testing-marketing-link-acquisition.md
/docs/mobile-services/ios/acquisition-ios/t-testing-version-3-acquisition.html,https://github.com/Adobe-Marketing-Cloud/mobile-services/blob/master/docs/ios/acquisition-main/t-testing-version-3-acquisition.md
/docs/mobile-services/ios/acquisition-ios/t-testing-acquisition.html,https://github.com/Adobe-Marketing-Cloud/mobile-services/blob/master/docs/ios/acquisition-main/t-testing-acquisition.md
/docs/mobile-services/ios/acquisition-ios/c-apple-search-ads.html,https://github.com/Adobe-Marketing-Cloud/mobile-services/blob/master/docs/ios/acquisition-main/c-apple-search-ads.md
/docs/mobile-services/ios/messaging-ios/messaging-main.html,https://github.com/Adobe-Marketing-Cloud/mobile-services/blob/master/docs/ios/messaging-main/messaging-main.md
/docs/mobile-services/ios/messaging-ios/in-app-messaging/messaging.html,https://github.com/Adobe-Marketing-Cloud/mobile-services/blob/master/docs/ios/messaging-main/messaging/messaging.md
/docs/mobile-services/ios/messaging-ios/in-app-messaging/in-apps-ts.html,https://github.com/Adobe-Marketing-Cloud/mobile-services/blob/master/docs/ios/messaging-main/messaging/in-apps-ts.md
/docs/mobile-services/ios/messaging-ios/push-messaging/push-messaging.html,https://github.com/Adobe-Marketing-Cloud/mobile-services/blob/master/docs/ios/messaging-main/push-messaging/push-messaging.md
/docs/mobile-services/ios/messaging-ios/push-messaging/t-mob-imp-push-deeplinking-ios-4x.html,https://github.com/Adobe-Marketing-Cloud/mobile-services/blob/master/docs/ios/messaging-main/push-messaging/t-mob-imp-push-deeplinking-ios-4x.md
/docs/mobile-services/ios/messaging-ios/push-messaging/c-set-up-rich-push-notif-ios.html,https://github.com/Adobe-Marketing-Cloud/mobile-services/blob/master/docs/ios/messaging-main/push-messaging/c-set-up-rich-push-notif-ios.md
/docs/mobile-services/ios/messaging-ios/push-messaging/c-troubleshooting-push-messaging.html,https://github.com/Adobe-Marketing-Cloud/mobile-services/blob/master/docs/ios/messaging-main/push-messaging/c-troubleshooting-push-messaging.md
/docs/mobile-services/ios/location-ios/location.html,https://github.com/Adobe-Marketing-Cloud/mobile-services/blob/master/docs/ios/location/location.md
/docs/mobile-services/ios/location-ios/geo-poi.html,https://github.com/Adobe-Marketing-Cloud/mobile-services/blob/master/docs/ios/location/geo-poi.md
/docs/mobile-services/ios/location-ios/ibeacon.html,https://github.com/Adobe-Marketing-Cloud/mobile-services/blob/master/docs/ios/location/ibeacon.md
/docs/mobile-services/ios/target-ios/target-main.html,https://github.com/Adobe-Marketing-Cloud/mobile-services/blob/master/docs/ios/target-main/target-main.md
/docs/mobile-services/ios/target-ios/c-target-methods.html,https://github.com/Adobe-Marketing-Cloud/mobile-services/blob/master/docs/ios/target-main/c-target-methods.md
/docs/mobile-services/ios/target-ios/c-mob-target-prefetch-ios.html,https://github.com/Adobe-Marketing-Cloud/mobile-services/blob/master/docs/ios/target-main/c-mob-target-prefetch-ios.md
/docs/mobile-services/ios/target-ios/c-mob-target-preview-ios.html,https://github.com/Adobe-Marketing-Cloud/mobile-services/blob/master/docs/ios/target-main/c-mob-target-preview-ios.md
/docs/mobile-services/ios/exp-cloud-ios/marketing-cloud.html,https://github.com/Adobe-Marketing-Cloud/mobile-services/blob/master/docs/ios/marketing-cloud/marketing-cloud.md
/docs/mobile-services/ios/exp-cloud-ios/mcvid.html,https://github.com/Adobe-Marketing-Cloud/mobile-services/blob/master/docs/ios/marketing-cloud/mcvid.md
/docs/mobile-services/ios/exp-cloud-ios/mc-methods.html,https://github.com/Adobe-Marketing-Cloud/mobile-services/blob/master/docs/ios/marketing-cloud/mc-methods.md
/docs/mobile-services/ios/aam-methods.html,https://github.com/Adobe-Marketing-Cloud/mobile-services/blob/master/docs/ios/amm/aam-methods.md
/docs/mobile-services/ios/apple-tv-implementation-tvos-ios/apple-tv-implementation-tvos.html,https://github.com/Adobe-Marketing-Cloud/mobile-services/blob/master/docs/ios/apple-tv-implementation-tvos/apple-tv-implementation-tvos.md
/docs/mobile-services/ios/apple-tv-implementation-tvos-ios/target-for-tvml-tvjs.html,https://github.com/Adobe-Marketing-Cloud/mobile-services/blob/master/docs/ios/apple-tv-implementation-tvos/target-for-tvml-tvjs.md
/docs/mobile-services/ios/apple-tv-implementation-tvos-ios/tvjs-methods.html,https://github.com/Adobe-Marketing-Cloud/mobile-services/blob/master/docs/ios/apple-tv-implementation-tvos/tvjs-methods.md
/docs/mobile-services/ios/ios-ext/ios-ext.html,https://github.com/Adobe-Marketing-Cloud/mobile-services/blob/master/docs/ios/ios-ext/ios-ext.md
/docs/mobile-services/ios/ios-ext/c-stand-alone-extension-implementation.html,https://github.com/Adobe-Marketing-Cloud/mobile-services/blob/master/docs/ios/ios-ext/c-stand-alone-extension-implementation.md
/docs/mobile-services/ios/apple-watch-implementation-watchkit.html,https://github.com/Adobe-Marketing-Cloud/mobile-services/blob/master/docs/ios/apple-watch-implementation-watchkit.md
/docs/mobile-services/ios/sdk-reference-ios/reference.html,https://github.com/Adobe-Marketing-Cloud/mobile-services/blob/master/docs/ios/reference/reference.md
/docs/mobile-services/ios/sdk-reference-ios/app-ids.html,https://github.com/Adobe-Marketing-Cloud/mobile-services/blob/master/docs/ios/reference/app-ids.md
/docs/mobile-services/ios/sdk-reference-ios/hybrid-app.html,https://github.com/Adobe-Marketing-Cloud/mobile-services/blob/master/docs/ios/reference/hybrid-app.md
/docs/mobile-services/ios/sdk-reference-ios/device-versions.html,https://github.com/Adobe-Marketing-Cloud/mobile-services/blob/master/docs/ios/reference/device-versions.md
/docs/mobile-services/ios/privacy-gdpr-ios/c-mob-privacy-gdpr-ios.html,https://github.com/Adobe-Marketing-Cloud/mobile-services/blob/master/docs/ios/c-mob-privacy-gdpr-ios/c-mob-privacy-gdpr-ios.md
/docs/mobile-services/ios/privacy-gdpr-ios/c-mob-gdpr-ret-stored-ids-ios.html,https://github.com/Adobe-Marketing-Cloud/mobile-services/blob/master/docs/ios/c-mob-privacy-gdpr-ios/c-mob-gdpr-ret-stored-ids-ios.md
/docs/mobile-services/ios/privacy-gdpr-ios/privacy.html,https://github.com/Adobe-Marketing-Cloud/mobile-services/blob/master/docs/ios/c-mob-privacy-gdpr-ios/privacy.md
/docs/mobile-services/ios/phonegap-ios/phonegap.html,https://github.com/Adobe-Marketing-Cloud/mobile-services/blob/master/docs/ios/phonegap/phonegap.md
/docs/mobile-services/ios/phonegap-ios/phonegap-methods.html,https://github.com/Adobe-Marketing-Cloud/mobile-services/blob/master/docs/ios/phonegap/phonegap-methods.md
/docs/mobile-services/unity/get-started.html,https://github.com/Adobe-Marketing-Cloud/mobile-services/blob/master/docs/unity/get-started.md
/docs/mobile-services/unity/project.html,https://github.com/Adobe-Marketing-Cloud/mobile-services/blob/master/docs/unity/project.md
/docs/mobile-services/unity/library-calls.html,https://github.com/Adobe-Marketing-Cloud/mobile-services/blob/master/docs/unity/library-calls.md
/docs/mobile-services/unity/lifecycle.html,https://github.com/Adobe-Marketing-Cloud/mobile-services/blob/master/docs/unity/lifecycle.md
/docs/mobile-services/unity/methods.html,https://github.com/Adobe-Marketing-Cloud/mobile-services/blob/master/docs/unity/methods.md
/docs/mobile-services/unity/enumerations.html,https://github.com/Adobe-Marketing-Cloud/mobile-services/blob/master/docs/unity/enumerations.md
/docs/mobile-services/xamarin/get-started.html,https://github.com/Adobe-Marketing-Cloud/mobile-services/blob/master/docs/xamarin/get-started.md
/docs/mobile-services/xamarin/library-calls.html,https://github.com/Adobe-Marketing-Cloud/mobile-services/blob/master/docs/xamarin/library-calls.md
/docs/mobile-services/xamarin/lifecycle.html,https://github.com/Adobe-Marketing-Cloud/mobile-services/blob/master/docs/xamarin/lifecycle.md
/docs/mobile-services/xamarin/android-xamarin/methods-android.html,https://github.com/Adobe-Marketing-Cloud/mobile-services/blob/master/docs/xamarin/c-android/methods-android.md
/docs/mobile-services/xamarin/android-xamarin/c-classes-enums-interfaces.html,https://github.com/Adobe-Marketing-Cloud/mobile-services/blob/master/docs/xamarin/c-android/c-classes-enums-interfaces.md
/docs/mobile-services/xamarin/ios-xamarin/methods-ios.html,https://github.com/Adobe-Marketing-Cloud/mobile-services/blob/master/docs/xamarin/c-ios/methods-ios.md
/docs/mobile-services/xamarin/ios-xamarin/c-classes-enums-constants.html,https://github.com/Adobe-Marketing-Cloud/mobile-services/blob/master/docs/xamarin/c-ios/c-classes-enums-constants.md
/docs/mobile-services/universal-windows/overview.html,https://github.com/Adobe-Marketing-Cloud/mobile-services/blob/master/docs/universal-windows/overview.md
/docs/mobile-services/universal-windows/get-started-univ-win-plat/c-getting-started.html,https://github.com/Adobe-Marketing-Cloud/mobile-services/blob/master/docs/universal-windows/c-getting-started/c-getting-started.md
/docs/mobile-services/universal-windows/get-started-univ-win-plat/dev-qs.html,https://github.com/Adobe-Marketing-Cloud/mobile-services/blob/master/docs/universal-windows/c-getting-started/dev-qs.md
/docs/mobile-services/universal-windows/release-notes.html,https://github.com/Adobe-Marketing-Cloud/mobile-services/blob/master/docs/universal-windows/release-notes.md
/docs/mobile-services/universal-windows/config-univ-win-plat/c-configuration.html,https://github.com/Adobe-Marketing-Cloud/mobile-services/blob/master/docs/universal-windows/c-configuration/c-configuration.md
/docs/mobile-services/universal-windows/config-univ-win-plat/c.json.html,https://github.com/Adobe-Marketing-Cloud/mobile-services/blob/master/docs/universal-windows/c-configuration/c.json.md
/docs/mobile-services/universal-windows/config-univ-win-plat/methods.html,https://github.com/Adobe-Marketing-Cloud/mobile-services/blob/master/docs/universal-windows/c-configuration/methods.md
/docs/mobile-services/universal-windows/analytics-univ-win-plat/analytics.html,https://github.com/Adobe-Marketing-Cloud/mobile-services/blob/master/docs/universal-windows/analytics/analytics.md
/docs/mobile-services/universal-windows/analytics-univ-win-plat/products.html,https://github.com/Adobe-Marketing-Cloud/mobile-services/blob/master/docs/universal-windows/analytics/products.md
/docs/mobile-services/universal-windows/analytics-univ-win-plat/event-serialization.html,https://github.com/Adobe-Marketing-Cloud/mobile-services/blob/master/docs/universal-windows/analytics/event-serialization.md
/docs/mobile-services/universal-windows/analytics-univ-win-plat/video-qs.html,https://github.com/Adobe-Marketing-Cloud/mobile-services/blob/master/docs/universal-windows/analytics/video-qs.md
/docs/mobile-services/universal-windows/analytics-univ-win-plat/analytics-methods.html,https://github.com/Adobe-Marketing-Cloud/mobile-services/blob/master/docs/universal-windows/analytics/analytics-methods.md
/docs/mobile-services/universal-windows/target-methods.html,https://github.com/Adobe-Marketing-Cloud/mobile-services/blob/master/docs/universal-windows/target/target-methods.md
/docs/mobile-services/universal-windows/audience-manager-methods.html,https://github.com/Adobe-Marketing-Cloud/mobile-services/blob/master/docs/universal-windows/audiencemgmt/audience-manager-methods.md
/docs/mobile-services/universal-windows/metrics.html,https://github.com/Adobe-Marketing-Cloud/mobile-services/blob/master/docs/universal-windows/metrics.md
/docs/mobile-services/universal-windows/win-vse-4x.html,https://github.com/Adobe-Marketing-Cloud/mobile-services/blob/master/docs/universal-windows/extensions/win-vse-4x.md
/docs/mobile-services/universal-windows/migration-v3.html,https://github.com/Adobe-Marketing-Cloud/mobile-services/blob/master/docs/universal-windows/migration-v3.md
/docs/mobile-services/windows-universal-appstore/overview.html,https://github.com/Adobe-Marketing-Cloud/mobile-services/blob/master/docs/windows-appstore/overview.md
/docs/mobile-services/windows-universal-appstore/release-notes.html,https://github.com/Adobe-Marketing-Cloud/mobile-services/blob/master/docs/windows-appstore/release-notes.md
/docs/mobile-services/windows-universal-appstore/getting-started-win-appstore/c-getting-started.html,https://github.com/Adobe-Marketing-Cloud/mobile-services/blob/master/docs/windows-appstore/c-getting-started/c-getting-started.md
/docs/mobile-services/windows-universal-appstore/getting-started-win-appstore/dev-qs.html,https://github.com/Adobe-Marketing-Cloud/mobile-services/blob/master/docs/windows-appstore/c-getting-started/dev-qs.md
/docs/mobile-services/windows-universal-appstore/config-win-appstore/c-configuration.html,https://github.com/Adobe-Marketing-Cloud/mobile-services/blob/master/docs/windows-appstore/c-configuration/c-configuration.md
/docs/mobile-services/windows-universal-appstore/config-win-appstore/c.json.html,https://github.com/Adobe-Marketing-Cloud/mobile-services/blob/master/docs/windows-appstore/c-configuration/c.json.md
/docs/mobile-services/windows-universal-appstore/config-win-appstore/methods.html,https://github.com/Adobe-Marketing-Cloud/mobile-services/blob/master/docs/windows-appstore/c-configuration/methods.md
/docs/mobile-services/windows-universal-appstore/analytics-win-appstore/analytics.html,https://github.com/Adobe-Marketing-Cloud/mobile-services/blob/master/docs/windows-appstore/analytics/analytics.md
/docs/mobile-services/windows-universal-appstore/analytics-win-appstore/products-variable/products.html,https://github.com/Adobe-Marketing-Cloud/mobile-services/blob/master/docs/windows-appstore/analytics/products/products.md
/docs/mobile-services/windows-universal-appstore/analytics-win-appstore/products-variable/products-variable-evars-events.html,https://github.com/Adobe-Marketing-Cloud/mobile-services/blob/master/docs/windows-appstore/analytics/products/products-variable-evars-events.md
/docs/mobile-services/windows-universal-appstore/analytics-win-appstore/event-serialization.html,https://github.com/Adobe-Marketing-Cloud/mobile-services/blob/master/docs/windows-appstore/analytics/event-serialization.md
/docs/mobile-services/windows-universal-appstore/analytics-win-appstore/video-qs.html,https://github.com/Adobe-Marketing-Cloud/mobile-services/blob/master/docs/windows-appstore/analytics/video-qs.md
/docs/mobile-services/windows-universal-appstore/analytics-win-appstore/analytics-methods.html,https://github.com/Adobe-Marketing-Cloud/mobile-services/blob/master/docs/windows-appstore/analytics/analytics-methods.md
/docs/mobile-services/windows-universal-appstore/target-methods.html,https://github.com/Adobe-Marketing-Cloud/mobile-services/blob/master/docs/windows-appstore/target/target-methods.md
/docs/mobile-services/windows-universal-appstore/audience-manager-methods.html,https://github.com/Adobe-Marketing-Cloud/mobile-services/blob/master/docs/windows-appstore/audiencemgmt/audience-manager-methods.md
/docs/mobile-services/windows-universal-appstore/metrics.html,https://github.com/Adobe-Marketing-Cloud/mobile-services/blob/master/docs/windows-appstore/metrics.md
/docs/mobile-services/windows-universal-appstore/win-vse-4x.html,https://github.com/Adobe-Marketing-Cloud/mobile-services/blob/master/docs/windows-appstore/extensions/win-vse-4x.md
/docs/mobile-services/windows-universal-appstore/migration-v3.html,https://github.com/Adobe-Marketing-Cloud/mobile-services/blob/master/docs/windows-appstore/migration-v3.md
/docs/mobile-services/blackberry/overview.html,https://github.com/Adobe-Marketing-Cloud/mobile-services/blob/master/docs/blackberry/overview.md
/docs/mobile-services/blackberry/dev-qs.html,https://github.com/Adobe-Marketing-Cloud/mobile-services/blob/master/docs/blackberry/dev-qs.md
/docs/mobile-services/blackberry/methods.html,https://github.com/Adobe-Marketing-Cloud/mobile-services/blob/master/docs/blackberry/methods.md
/docs/mobile-services/blackberry/analytics.html,https://github.com/Adobe-Marketing-Cloud/mobile-services/blob/master/docs/blackberry/analytics.md
/docs/mobile-services/blackberry/video-qs.html,https://github.com/Adobe-Marketing-Cloud/mobile-services/blob/master/docs/blackberry/video-qs.md
/docs/mobile-services/blackberry/metrics.html,https://github.com/Adobe-Marketing-Cloud/mobile-services/blob/master/docs/blackberry/metrics.md
